student_id,attendance_percentage,avg_test_score,assignments_submitted_pct,study_hours_per_week,previous_semester_gpa,extracurricular_participation,risk_label
S1000,82.5,81.7,100.0,13.9,5.49,1,Low
S1001,72.9,99.4,93.9,7.2,6.28,1,Low
S1002,84.7,39.8,80.9,5.9,5.31,0,Medium
S1003,97.8,75.1,70.3,10.0,6.04,0,Low
S1004,71.5,53.3,90.5,9.1,3.66,0,High
S1005,71.5,56.2,85.9,7.7,6.82,0,Low
S1006,98.7,54.3,93.4,13.5,6.5,0,Low
S1007,86.5,49.4,89.5,14.8,5.27,0,Low
S1008,68.0,65.9,95.7,10.4,7.49,0,Low
S1009,83.1,50.0,72.0,17.4,7.91,0,Low
S1010,68.0,69.9,99.8,4.3,4.09,1,Medium
S1011,68.0,64.1,83.0,9.0,5.36,1,Low
S1012,78.6,60.7,100.0,6.4,5.35,0,Medium
S1013,46.3,48.7,69.7,0.7,5.09,1,High
S1014,49.1,54.6,100.0,9.6,7.74,1,Medium
S1015,66.6,78.6,83.0,9.4,6.21,0,Low
S1016,59.8,74.0,70.2,17.6,6.1,0,Medium
S1017,79.7,47.4,72.7,13.2,3.49,0,Medium
S1018,61.4,66.8,75.2,4.9,7.45,1,Medium
S1019,53.8,78.5,86.4,19.3,4.64,1,Medium
S1020,97.0,35.0,87.8,16.1,6.59,0,Low
S1021,71.6,74.8,71.4,12.9,6.92,0,Low
S1022,76.0,53.1,79.6,8.9,8.54,0,Low
S1023,53.6,75.3,100.0,5.2,4.54,0,Medium
S1024,66.8,51.3,100.0,8.1,1.97,0,High
S1025,76.7,32.5,86.5,15.4,6.78,1,Medium
S1026,57.7,35.7,80.6,19.4,9.2,1,Medium
S1027,80.6,65.9,81.8,17.7,8.36,1,Low
S1028,66.0,69.7,89.2,7.6,6.81,1,Medium
S1029,70.6,48.7,64.7,4.4,5.76,1,High
S1030,66.0,76.5,76.1,10.7,7.71,0,Medium
S1031,100.0,35.1,55.0,1.2,5.04,1,Medium
S1032,74.8,63.8,86.0,11.6,7.21,0,Low
S1033,59.1,43.2,89.7,9.3,7.26,1,High
S1034,87.3,53.3,72.8,7.7,8.09,0,Low
S1035,56.7,65.9,100.0,2.0,10.0,1,Low
S1036,78.1,49.5,61.6,12.6,7.09,0,Medium
S1037,45.6,58.1,58.0,7.3,5.74,0,High
S1038,55.1,83.1,83.4,4.2,6.46,0,Medium
S1039,78.0,54.6,95.7,0.0,3.85,0,High
S1040,86.1,80.0,100.0,9.9,5.46,1,Low
S1041,77.6,44.7,73.1,18.9,5.89,1,High
S1042,73.3,74.5,96.2,18.3,5.71,0,Low
S1043,70.5,90.9,79.4,7.7,6.73,0,Low
S1044,52.8,20.5,77.4,7.0,5.27,0,High
S1045,64.2,50.7,93.3,12.3,8.18,0,Low
S1046,68.1,75.4,89.8,5.0,6.5,0,Medium
S1047,90.9,61.3,56.4,11.5,6.49,1,Low
S1048,80.2,71.7,100.0,13.8,6.01,0,Low
S1049,48.6,54.1,100.0,16.1,6.73,0,Medium
S1050,79.9,66.6,70.6,9.5,7.74,0,Low
S1051,69.2,62.2,85.9,9.0,5.2,0,Medium
S1052,64.8,86.0,87.4,5.6,5.51,0,Medium
S1053,84.2,69.6,83.9,5.9,6.04,1,Low
S1054,90.5,71.1,71.7,8.9,4.48,0,Low
S1055,89.0,57.6,69.9,11.8,5.27,0,Medium
S1056,62.4,56.2,79.6,14.6,5.79,0,Medium
S1057,70.4,57.2,97.6,6.0,7.81,0,Medium
S1058,80.0,72.1,88.2,17.5,6.89,0,Low
S1059,89.6,57.4,74.4,8.6,6.79,1,Low
S1060,67.8,70.2,91.6,9.9,7.78,1,Medium
S1061,72.2,100.0,37.3,6.3,6.29,0,Low
S1062,58.4,80.7,97.2,0.0,7.09,0,Medium
S1063,57.1,59.1,53.9,14.4,6.35,0,High
S1064,87.2,86.6,74.6,13.7,6.9,0,Low
S1065,95.3,57.7,63.2,8.6,5.63,1,Low
S1066,73.9,28.3,60.6,10.3,2.84,1,High
S1067,90.1,46.9,97.4,12.6,6.3,0,Low
S1068,80.4,31.3,73.0,2.2,8.63,0,Low
S1069,65.3,58.7,85.2,7.4,7.89,0,Medium
S1070,80.4,65.3,79.3,14.0,7.95,1,Low
S1071,98.1,95.2,87.2,3.7,8.35,1,Low
S1072,74.5,70.9,81.2,11.5,6.63,0,Low
S1073,98.5,61.1,60.8,3.2,6.8,0,Low
S1074,35.7,79.9,94.9,12.3,5.57,1,Medium
S1075,87.3,25.2,72.6,9.8,6.03,0,Medium
S1076,76.3,69.2,56.7,1.9,7.42,0,Medium
S1077,70.5,78.9,73.6,15.8,8.31,0,Low
S1078,76.4,38.4,100.0,6.3,6.29,1,Medium
S1079,45.2,85.6,92.8,5.9,5.82,0,Medium
S1080,71.7,71.1,74.8,11.0,6.5,0,Medium
S1081,80.4,57.5,74.8,15.7,7.4,1,Low
S1082,97.2,76.4,75.2,4.9,4.33,0,Low
S1083,67.2,100.0,100.0,10.3,3.06,0,Low
S1084,62.9,68.3,85.7,12.1,5.67,0,Medium
S1085,67.5,69.5,86.5,13.5,4.67,0,Medium
S1086,88.7,56.7,95.5,10.9,5.74,1,Medium
S1087,79.9,49.7,83.6,8.2,6.28,0,Medium
S1088,67.1,79.9,76.1,5.9,5.82,0,Low
S1089,82.7,49.6,77.1,10.4,8.68,0,Medium
S1090,76.5,66.3,78.9,4.6,6.99,1,Low
S1091,89.5,56.4,79.4,0.0,6.95,1,Low
S1092,64.5,73.6,90.9,12.2,7.43,0,Medium
S1093,70.1,71.0,80.8,14.5,4.79,0,Medium
S1094,69.1,83.7,91.0,0.0,8.06,1,Low
S1095,53.0,55.8,78.8,5.0,6.39,0,Medium
S1096,79.4,60.1,81.2,13.1,7.51,1,Low
S1097,78.9,47.4,50.0,20.3,4.89,1,High
S1098,75.1,57.0,93.7,10.1,4.17,1,Medium
S1099,71.5,71.8,85.2,6.4,7.73,0,Medium
S1100,53.8,78.6,95.0,9.1,7.06,0,Low
S1101,68.7,48.4,36.6,16.9,5.15,1,High
S1102,69.9,80.7,100.0,6.8,5.2,0,Low
S1103,63.0,89.4,77.9,6.0,8.19,0,Low
S1104,72.6,72.4,96.6,7.6,4.72,1,Medium
S1105,81.1,98.8,64.4,5.2,8.96,1,Low
S1106,100.0,51.1,89.2,10.6,5.15,0,Low
S1107,77.6,42.6,64.2,18.1,7.46,0,Low
S1108,78.9,33.0,70.6,11.6,6.01,0,High
S1109,73.9,91.9,100.0,8.7,7.4,1,Medium
S1110,46.2,76.8,77.1,8.5,5.68,1,Medium
S1111,74.6,64.0,83.3,2.2,6.26,0,Low
S1112,75.9,70.0,93.1,14.4,6.56,0,Low
S1113,100.0,44.7,87.4,9.6,5.0,1,Medium
S1114,72.1,100.0,82.3,9.1,7.61,0,Low
S1115,79.5,67.3,85.5,26.0,5.73,0,Low
S1116,74.5,67.0,100.0,11.5,6.16,1,Medium
S1117,57.5,78.1,79.1,6.2,5.01,0,Medium
S1118,92.1,73.7,83.0,7.9,2.66,1,Low
S1119,86.3,69.0,95.8,15.7,6.21,0,Low
S1120,86.9,50.8,96.6,10.6,10.0,0,Low
S1121,61.4,73.5,97.8,2.8,7.68,1,Low
S1122,96.0,98.9,89.6,14.6,6.47,0,Low
S1123,54.0,89.2,62.9,6.7,6.11,1,Medium
S1124,83.8,93.7,100.0,19.4,6.53,0,Low
S1125,100.0,55.8,62.8,15.4,7.32,0,Low
S1126,60.1,47.2,84.5,7.8,4.73,0,High
S1127,66.5,62.7,68.7,16.4,8.17,0,Low
S1128,76.5,66.0,79.0,10.3,7.57,0,Low
S1129,67.4,84.7,84.9,14.3,7.58,0,Low
S1130,51.7,34.5,84.8,12.4,7.16,0,High
S1131,76.0,92.5,86.3,5.8,6.53,0,Low
S1132,59.1,62.2,100.0,6.8,7.51,1,Low
S1133,82.1,57.3,86.8,15.1,7.39,1,Low
S1134,61.2,46.8,76.3,8.3,5.97,1,High
S1135,98.2,35.2,94.5,8.0,5.64,0,Low
S1136,63.3,79.8,97.8,5.2,6.65,0,Low
S1137,70.2,66.3,61.6,12.1,8.82,1,Medium
S1138,87.2,41.8,89.0,20.3,4.64,0,Low
S1139,56.5,41.7,90.5,4.7,4.3,0,High
S1140,78.4,59.0,75.5,10.1,6.75,1,Low
S1141,94.6,95.0,100.0,17.1,6.58,1,Low
S1142,50.9,60.3,77.7,9.6,6.76,0,High
S1143,77.8,37.9,81.9,12.3,6.87,0,Medium
S1144,78.9,60.6,77.4,4.7,6.17,1,Medium
S1145,86.7,60.1,80.2,12.1,8.73,0,Low
S1146,56.4,16.5,63.6,9.1,4.1,1,High
S1147,55.2,64.0,58.4,14.9,5.26,1,High
S1148,82.8,60.8,100.0,15.9,6.35,1,Low
S1149,79.5,77.5,67.3,22.9,4.04,0,Low
S1150,78.8,98.3,65.1,12.9,6.24,0,Low
S1151,80.2,85.3,47.7,11.6,8.99,1,Low
S1152,64.8,60.2,70.4,11.0,6.53,1,Medium
S1153,78.5,45.1,60.2,8.2,6.85,1,Medium
S1154,79.4,100.0,100.0,11.7,4.61,0,Low
S1155,64.3,66.1,95.1,8.5,5.58,0,Medium
S1156,100.0,65.3,69.7,10.8,5.94,1,Medium
S1157,82.1,64.6,100.0,16.6,6.02,1,Low
S1158,57.1,68.6,94.7,5.0,8.42,1,Low
S1159,84.8,62.4,75.1,15.7,7.34,1,Low
S1160,60.4,54.7,42.5,16.6,4.83,0,High
S1161,86.8,55.2,100.0,9.4,6.87,1,Low
S1162,92.4,64.4,59.2,0.0,7.25,1,Medium
S1163,62.7,55.2,55.3,7.0,8.21,0,Low
S1164,89.5,52.2,95.3,16.5,8.87,1,Low
S1165,81.2,66.9,100.0,9.9,4.98,0,Low
S1166,87.3,60.4,100.0,5.0,5.28,0,Low
S1167,100.0,92.1,88.5,7.5,4.61,1,Low
S1168,71.3,17.3,88.9,14.2,6.15,0,Medium
S1169,63.7,84.6,92.8,12.7,7.2,0,Low
S1170,61.7,87.4,91.4,8.8,7.98,0,Low
S1171,62.8,27.7,84.2,8.2,6.39,0,High
S1172,73.8,58.8,81.6,8.0,6.02,0,Low
S1173,80.1,58.3,79.1,5.4,6.73,0,Low
S1174,79.2,39.7,68.7,18.1,5.25,1,High
S1175,87.4,51.0,75.8,8.4,9.63,0,Medium
S1176,75.2,45.0,54.6,16.1,4.09,0,High
S1177,96.8,96.5,78.5,17.6,6.78,0,Low
S1178,71.0,81.8,65.2,15.0,9.54,1,Low
S1179,100.0,87.9,63.4,7.8,6.51,0,Low
S1180,84.4,78.0,82.7,12.0,6.21,1,Medium
S1181,62.1,44.7,100.0,9.9,5.96,1,Medium
S1182,58.9,55.6,93.8,5.5,6.23,1,High
S1183,82.2,73.8,56.4,11.6,8.56,0,Low
S1184,71.6,43.0,65.2,4.1,3.18,1,High
S1185,85.7,77.8,94.1,15.9,8.8,0,Low
S1186,82.1,60.7,65.3,7.7,4.36,1,Medium
S1187,73.9,58.3,76.6,11.0,6.1,1,Low
S1188,62.3,77.8,88.3,11.4,5.86,0,Low
S1189,52.3,73.0,65.5,8.7,7.38,0,Medium
S1190,68.3,58.5,81.6,12.9,4.1,0,Medium
S1191,87.8,85.9,60.0,7.6,7.19,1,Low
S1192,78.2,45.5,71.0,14.4,9.54,0,Medium
S1193,56.3,76.1,84.8,3.3,4.46,0,Medium
S1194,77.6,75.7,56.1,10.6,6.78,0,Low
S1195,80.8,59.4,86.6,19.7,5.51,1,Low
S1196,61.7,70.9,79.7,5.0,7.14,1,Medium
S1197,77.3,42.5,88.3,6.6,6.53,1,Medium
S1198,75.9,81.6,83.4,12.6,5.54,1,Medium
S1199,57.9,61.7,100.0,10.9,7.23,0,Low
S1200,80.4,55.6,81.9,11.8,9.21,0,Low
S1201,83.4,83.9,73.6,12.4,6.21,1,Medium
S1202,91.2,52.3,81.8,13.2,7.58,0,Medium
S1203,90.8,39.6,88.1,15.5,4.56,0,Medium
S1204,54.3,37.0,80.7,12.0,5.07,0,High
S1205,60.9,75.9,80.6,8.8,7.21,0,Medium
S1206,82.7,42.0,69.5,13.4,8.73,0,Low
S1207,82.7,96.6,70.1,19.5,7.03,1,Low
S1208,82.7,27.5,59.0,9.3,6.03,0,High
S1209,100.0,95.5,100.0,5.1,6.5,0,Low
S1210,83.6,68.8,61.3,15.5,4.62,0,Low
S1211,92.0,63.3,69.6,9.4,7.41,1,Low
S1212,89.3,55.2,69.2,0.0,7.82,0,Medium
S1213,84.8,72.2,93.4,14.2,5.82,1,Low
S1214,70.3,64.3,75.6,7.3,5.79,1,Medium
S1215,86.4,84.9,98.7,9.5,6.9,0,Low
S1216,63.4,67.1,69.9,11.7,5.84,1,Medium
S1217,71.4,67.7,84.2,11.0,6.4,1,Low
S1218,67.7,58.5,67.5,13.5,9.65,1,High
S1219,76.2,64.0,100.0,7.8,6.13,1,Low
S1220,100.0,70.5,62.2,12.6,5.96,0,Low
S1221,47.0,34.2,84.6,8.7,5.53,0,High
S1222,85.3,40.7,89.5,13.7,7.62,0,Low
S1223,50.8,78.4,86.2,13.1,6.23,0,Medium
S1224,67.9,68.1,77.2,5.3,5.53,1,High
S1225,91.3,61.7,78.1,15.4,8.48,0,Low
S1226,76.0,65.3,80.7,7.3,8.63,1,Low
S1227,58.8,71.3,77.8,14.0,5.6,1,Medium
S1228,64.3,55.3,94.5,11.8,3.7,1,Medium
S1229,85.2,51.0,100.0,19.2,8.01,1,Low
S1230,64.0,68.5,71.6,8.9,5.47,0,Medium
S1231,78.2,47.4,59.5,8.3,7.69,0,Medium
S1232,75.7,72.3,78.7,9.9,3.54,0,Low
S1233,65.2,34.4,100.0,8.5,7.84,0,High
S1234,100.0,83.5,67.9,14.0,4.68,0,Low
S1235,84.5,73.5,100.0,1.9,7.6,0,Low
S1236,44.6,69.6,100.0,4.7,6.52,1,Medium
S1237,77.8,82.7,71.7,4.7,5.07,0,Low
S1238,65.1,95.0,88.5,14.8,5.89,0,Low
S1239,87.8,83.3,100.0,18.6,7.53,1,Low
S1240,63.1,31.9,74.3,9.5,6.66,0,High
S1241,73.3,42.0,76.9,9.2,7.38,0,High
S1242,82.6,53.8,71.3,10.4,9.46,1,Low
S1243,88.0,65.5,64.8,15.8,4.15,1,Medium
S1244,57.0,74.3,70.3,5.4,8.93,1,High
S1245,70.0,51.9,61.6,11.2,6.66,0,Medium
S1246,67.9,68.4,80.5,14.9,5.15,1,Medium
S1247,65.2,51.4,68.5,12.5,4.5,1,High
S1248,100.0,54.0,83.5,10.9,6.22,0,Low
S1249,81.1,39.7,56.7,15.0,7.88,1,Medium
S1250,56.1,48.4,85.0,0.0,6.31,1,Medium
S1251,88.8,40.7,92.5,13.4,8.77,0,Low
S1252,100.0,47.4,50.1,6.7,4.32,0,Medium
S1253,90.5,84.0,85.6,0.8,6.48,1,Low
S1254,52.2,47.9,98.4,12.6,4.62,1,High
S1255,67.7,100.0,61.9,16.9,7.05,0,Low
S1256,94.0,73.9,100.0,9.3,7.83,1,Low
S1257,64.4,68.3,86.3,14.8,5.87,0,High
S1258,81.7,49.5,69.4,18.1,2.59,0,Medium
S1259,86.6,77.6,79.2,16.6,6.8,0,Low
S1260,61.1,54.6,88.4,18.2,7.16,1,Medium
S1261,74.1,67.2,81.1,13.7,7.11,1,Low
S1262,30.0,100.0,88.1,10.4,8.35,0,Medium
S1263,59.6,63.3,66.2,2.0,4.89,0,Medium
S1264,71.2,85.7,82.5,8.8,7.52,0,Low
S1265,56.3,52.3,58.8,5.8,8.29,1,Medium
S1266,99.5,64.4,78.3,20.9,3.83,1,Low
S1267,53.5,96.9,66.4,9.1,6.98,1,Medium
S1268,68.4,53.7,69.0,10.6,5.74,1,High
S1269,77.0,97.6,98.5,12.8,6.38,1,Low
S1270,96.6,77.7,96.4,10.2,7.02,0,Low
S1271,53.5,54.9,89.1,18.5,5.77,0,Medium
S1272,92.4,76.4,63.6,6.9,5.49,0,Low
S1273,75.2,82.5,75.3,11.0,6.55,1,Low
S1274,60.3,76.2,98.2,6.3,4.87,1,Medium
S1275,81.9,36.7,82.1,3.4,4.87,0,Medium
S1276,78.0,51.9,100.0,6.9,7.52,1,Medium
S1277,66.0,60.5,85.9,9.8,4.78,0,Low
S1278,76.0,63.7,82.9,7.9,7.5,0,Medium
S1279,69.2,76.2,75.4,6.5,7.19,1,Low
S1280,76.7,68.2,82.0,3.0,3.91,1,Low
S1281,84.9,41.0,77.7,9.6,5.48,1,Low
S1282,98.8,71.8,90.6,2.5,8.29,0,Low
S1283,56.4,76.0,94.4,13.8,5.03,0,Low
S1284,100.0,75.1,68.2,10.4,5.8,1,Low
S1285,45.7,84.5,60.0,2.7,7.19,0,Medium
S1286,72.7,80.0,52.5,8.5,7.68,0,Medium
S1287,83.8,73.3,87.6,6.2,6.12,1,Medium
S1288,79.2,63.7,63.4,11.6,5.6,0,Low
S1289,65.7,35.1,47.7,16.7,8.63,1,High
S1290,71.9,72.7,85.8,0.6,9.11,1,Low
S1291,67.6,68.7,100.0,10.6,7.97,0,Low
S1292,66.2,69.9,79.9,9.2,6.63,0,Low
S1293,87.7,42.0,92.6,13.4,5.29,1,Low
S1294,80.4,45.5,81.2,11.1,5.25,1,Medium
S1295,64.6,84.0,78.5,6.2,7.28,1,Low
S1296,88.5,64.3,93.8,8.4,7.13,1,Low
S1297,79.6,77.3,75.6,6.0,8.6,1,Low
S1298,87.2,65.5,84.0,15.4,7.48,1,Low
S1299,84.4,65.5,84.8,10.1,4.25,0,Low
S1300,62.6,81.9,70.0,19.5,8.08,0,Low
S1301,66.6,55.7,94.9,9.7,5.0,0,Medium
S1302,86.2,66.7,77.4,6.5,5.92,0,Low
S1303,84.2,56.7,68.7,2.4,6.88,0,Medium
S1304,74.7,57.2,88.0,1.0,9.49,0,Low
S1305,76.8,59.4,66.5,2.1,10.0,1,Low
S1306,94.2,69.0,80.4,11.3,7.41,0,Low
S1307,66.1,56.4,79.9,12.5,6.23,0,Low
S1308,83.2,87.6,96.3,2.1,7.3,0,Low
S1309,72.0,48.9,87.1,14.5,7.83,0,Medium
S1310,71.7,61.6,79.6,7.6,6.02,0,Medium
S1311,91.5,57.1,92.3,10.7,9.19,0,Low
S1312,87.4,91.0,100.0,18.1,6.85,0,Low
S1313,87.2,68.5,88.4,14.5,7.25,1,Low
S1314,94.6,83.6,80.2,8.7,7.5,1,Low
S1315,75.3,38.3,60.3,5.5,7.13,1,Medium
S1316,85.2,69.8,64.0,0.0,7.76,1,Low
S1317,70.3,81.0,75.4,6.4,5.57,0,Medium
S1318,79.9,66.5,70.9,8.9,5.66,1,Medium
S1319,73.0,84.2,77.2,5.1,4.85,1,Low
S1320,76.5,55.7,80.8,9.3,7.16,0,Low
S1321,83.9,90.4,87.9,10.4,7.67,1,Low
S1322,62.7,100.0,78.9,8.9,7.19,0,Low
S1323,100.0,58.5,87.3,6.7,9.01,1,Low
S1324,59.9,57.0,81.0,10.8,6.49,1,High
S1325,56.8,91.2,50.4,12.2,7.5,0,Low
S1326,92.4,93.4,65.9,4.5,4.86,1,Low
S1327,86.9,55.6,77.8,17.1,5.92,1,Low
S1328,84.4,57.4,61.9,9.5,7.54,1,Low
S1329,84.4,59.9,89.0,10.1,7.77,0,Medium
S1330,74.8,40.8,100.0,13.5,6.06,1,Medium
S1331,61.5,48.5,98.3,11.2,6.39,0,Medium
S1332,76.1,46.9,76.8,14.8,4.22,0,Medium
S1333,64.8,51.2,100.0,11.4,5.96,0,Low
S1334,89.6,64.4,82.2,6.9,7.84,1,Medium
S1335,72.8,69.2,74.9,11.8,7.36,1,Low
S1336,62.6,92.9,70.8,4.3,7.25,1,Low
S1337,70.2,47.0,75.5,10.5,6.57,1,Medium
S1338,81.2,82.7,74.2,9.8,6.51,0,Low
S1339,66.5,61.1,82.6,9.0,5.51,0,Medium
S1340,62.7,64.1,82.4,9.4,7.55,0,Medium
S1341,78.7,77.1,80.0,0.6,7.13,0,Medium
S1342,78.7,44.8,86.6,7.3,7.24,0,Low
S1343,67.4,71.9,97.9,10.5,5.71,0,Low
S1344,67.9,68.0,94.2,10.8,3.27,0,Medium
S1345,78.5,73.9,57.7,4.9,8.15,0,Low
S1346,53.3,70.2,41.7,16.3,5.78,0,Medium
S1347,53.9,100.0,94.0,5.7,5.21,0,Low
S1348,64.2,53.5,59.5,14.8,7.54,1,High
S1349,71.8,55.4,76.6,12.1,5.91,1,Medium
S1350,79.7,53.8,62.4,6.8,8.09,1,Low
S1351,97.1,55.0,53.0,18.9,7.43,0,Low
S1352,87.9,53.5,88.1,4.0,7.53,0,Low
S1353,72.6,86.4,91.4,14.6,4.45,1,Low
S1354,74.7,90.6,71.4,15.0,8.32,0,Low
S1355,60.0,54.7,41.1,6.6,6.89,0,Medium
S1356,74.7,50.0,71.8,17.0,5.95,0,Medium
S1357,70.7,73.5,85.9,8.7,6.72,0,Low
S1358,79.8,55.1,57.8,11.4,3.84,0,High
S1359,62.6,76.4,82.8,11.3,7.11,0,Medium
S1360,82.8,68.7,79.8,9.3,4.96,1,Low
S1361,98.0,37.7,88.7,14.1,4.47,0,Low
S1362,73.4,92.9,81.8,14.0,4.22,0,Low
S1363,81.0,97.3,65.4,1.3,8.17,1,Low
S1364,85.4,54.0,97.9,16.5,5.56,0,Low
S1365,69.0,58.0,77.6,1.7,8.8,0,Low
S1366,78.4,70.1,79.6,15.2,5.7,1,Medium
S1367,75.2,71.0,66.0,15.6,3.94,0,Low
S1368,76.5,76.9,73.4,4.5,4.83,0,Low
S1369,63.4,100.0,66.7,7.9,8.35,0,Low
S1370,75.4,61.8,77.4,4.5,6.27,0,Medium
S1371,82.5,50.6,100.0,8.9,5.68,0,Low
S1372,96.8,40.2,59.4,8.5,6.74,1,Medium
S1373,89.4,51.8,55.8,13.9,7.25,0,Medium
S1374,100.0,64.4,100.0,16.6,8.18,0,Low
S1375,63.5,97.3,76.9,17.0,8.67,0,Low
S1376,88.1,55.7,70.0,7.2,5.96,0,Medium
S1377,77.8,69.0,95.6,9.0,4.51,1,Low
S1378,100.0,64.7,70.9,1.6,5.88,0,Low
S1379,62.9,86.4,100.0,6.0,6.89,0,Low
S1380,62.4,100.0,90.2,14.8,5.05,0,Low
S1381,66.0,55.4,72.7,18.1,5.06,0,Medium
S1382,43.1,56.2,100.0,3.8,7.02,0,Medium
S1383,67.1,83.8,70.9,7.0,6.43,1,High
S1384,63.6,77.3,91.1,9.9,6.55,0,Low
S1385,77.3,98.2,84.5,11.4,5.36,0,Low
S1386,80.1,75.5,99.5,6.0,6.15,0,Low
S1387,100.0,58.5,100.0,12.1,5.11,1,Low
S1388,89.3,75.6,80.5,7.6,7.84,0,Low
S1389,66.3,85.0,68.7,9.9,8.05,1,Medium
S1390,61.5,79.8,86.9,12.7,3.73,1,Medium
S1391,82.4,74.1,69.8,10.0,5.11,1,Low
S1392,55.2,84.2,100.0,7.8,4.26,0,Low
S1393,100.0,86.0,82.0,9.5,5.52,0,Low
S1394,92.7,89.9,74.5,9.6,6.37,1,Low
S1395,68.0,76.7,82.8,8.1,4.33,1,Medium
S1396,49.3,62.0,59.8,8.7,5.12,1,Medium
S1397,95.3,67.6,65.4,18.0,4.99,0,Low
S1398,73.3,86.7,98.0,12.8,6.81,0,Low
S1399,93.6,50.3,70.1,8.5,6.6,0,Low
S1400,51.1,71.6,64.3,13.5,5.42,1,Medium
S1401,66.0,57.9,88.0,8.3,6.77,0,Medium
S1402,75.1,65.5,97.8,15.9,5.68,0,Medium
S1403,75.7,88.0,90.8,11.8,6.09,1,Low
S1404,68.2,68.4,94.9,9.5,9.01,0,Low
S1405,84.3,65.8,68.6,12.2,8.51,1,Low
S1406,59.0,40.5,58.7,2.1,4.55,0,High
S1407,72.9,78.4,100.0,4.4,7.74,0,Low
S1408,76.8,76.6,75.2,4.0,7.72,0,Low
S1409,82.7,100.0,76.2,10.7,4.78,1,Low
S1410,85.7,59.5,99.9,18.7,7.73,0,Low
S1411,58.1,68.9,88.3,21.2,8.81,0,Low
S1412,52.0,69.5,86.8,13.2,4.82,1,Medium
S1413,94.2,93.4,100.0,12.5,5.12,0,Low
S1414,80.0,63.3,70.3,1.0,8.03,0,Medium
S1415,63.8,70.0,93.9,7.3,6.91,0,Low
S1416,98.3,75.9,80.9,6.1,7.33,0,Low
S1417,76.7,68.4,84.0,6.9,7.01,1,Low
S1418,92.7,57.0,100.0,9.2,7.09,0,Low
S1419,76.0,68.5,87.6,7.6,4.51,0,Medium
S1420,100.0,84.3,88.1,0.1,8.07,0,Low
S1421,100.0,46.5,96.1,13.7,8.25,1,Low
S1422,71.3,67.4,74.5,4.6,6.16,0,Low
S1423,89.6,52.4,67.4,11.2,6.43,0,Medium
S1424,84.7,86.5,64.3,20.4,4.2,0,Low
S1425,95.5,37.6,50.5,5.4,7.27,0,Medium
S1426,60.5,54.9,100.0,0.0,7.36,0,Low
S1427,85.3,71.8,63.5,8.6,6.41,0,Medium
S1428,90.9,93.2,76.7,15.5,8.19,1,Low
S1429,48.6,63.8,75.8,19.8,6.0,0,Medium
S1430,57.3,55.0,84.6,3.9,7.35,1,Medium
S1431,44.4,98.9,92.2,12.5,4.97,1,Low
S1432,71.0,38.9,92.9,7.7,6.46,0,Medium
S1433,85.8,25.4,71.3,9.5,6.24,0,High
S1434,97.5,72.9,77.5,23.2,6.84,0,Low
S1435,76.1,56.0,84.2,2.5,5.95,1,Low
S1436,99.4,46.6,76.3,11.3,6.3,0,Medium
S1437,54.3,77.8,100.0,12.3,7.74,0,Low
S1438,49.4,69.4,87.4,15.4,5.84,0,Medium
S1439,74.2,54.8,91.0,10.5,4.09,1,Low
S1440,80.8,42.0,89.9,11.5,9.12,1,Low
S1441,74.5,80.7,97.6,8.0,8.57,0,Low
S1442,44.0,76.7,82.7,11.3,4.56,1,High
S1443,73.7,63.2,60.5,8.3,7.53,0,Medium
S1444,55.4,98.2,86.0,13.1,5.75,0,Low
S1445,85.0,45.7,70.2,8.2,6.9,1,Medium
S1446,80.5,37.5,72.1,11.9,6.94,0,Medium
S1447,60.9,52.5,88.8,9.9,6.15,0,Medium
S1448,67.3,64.2,98.6,15.6,5.32,0,Medium
S1449,59.1,69.4,80.3,9.7,5.46,1,High
S1450,74.1,60.7,84.6,1.1,5.13,1,Medium
S1451,89.3,71.3,100.0,16.3,5.25,1,Low
S1452,60.2,42.5,83.6,5.5,6.4,1,High
S1453,82.6,91.0,100.0,6.7,5.43,0,Low
S1454,67.0,63.5,88.5,7.0,7.52,0,Medium
S1455,63.1,85.1,53.6,16.9,8.73,0,Medium
S1456,73.4,71.2,91.3,0.0,5.63,0,Medium
S1457,59.5,73.2,85.7,25.7,6.86,0,Low
S1458,66.7,75.3,99.3,15.3,7.25,1,Low
S1459,57.0,73.1,90.1,11.1,7.21,0,Low
S1460,100.0,76.6,77.9,9.7,6.61,0,Low
S1461,75.5,88.9,61.6,11.4,7.61,0,Low
S1462,64.5,68.5,76.9,12.6,7.22,0,Medium
S1463,78.2,77.8,67.2,13.2,4.64,1,Medium
S1464,73.3,63.4,71.3,12.8,7.8,0,Low
S1465,71.7,90.9,88.8,10.4,7.83,0,Low
S1466,84.2,52.8,100.0,9.0,5.36,1,Medium
S1467,86.4,97.4,85.9,9.2,6.56,0,Low
S1468,67.0,64.3,62.1,9.0,7.52,0,Medium
S1469,66.4,39.2,86.7,15.7,6.19,0,High
S1470,70.9,67.3,97.9,13.0,8.11,0,Low
S1471,40.5,52.7,70.9,0.0,10.0,1,High
S1472,52.3,80.1,78.0,13.3,5.32,1,Low
S1473,95.5,53.3,80.2,11.0,4.43,0,Low
S1474,99.7,57.0,68.2,9.9,6.96,1,Low
S1475,71.3,31.0,89.7,8.1,7.58,0,Medium
S1476,83.6,56.9,78.2,15.6,6.15,0,Low
S1477,79.7,21.4,86.3,14.7,8.68,0,Medium
S1478,100.0,36.5,66.7,6.1,4.49,0,Medium
S1479,91.8,78.7,73.4,12.0,7.54,0,Low
S1480,73.1,79.1,90.8,5.1,5.59,1,Low
S1481,60.7,72.7,74.4,3.1,9.08,1,Low
S1482,50.9,47.6,100.0,6.9,9.49,0,High
S1483,78.1,64.1,74.0,14.3,5.35,0,Medium
S1484,63.7,64.9,83.4,14.8,5.68,0,Medium
S1485,53.7,44.1,94.0,12.6,7.79,0,Medium
S1486,65.3,92.1,58.7,13.6,5.92,0,Low
S1487,58.8,80.8,53.6,12.6,6.43,0,High
S1488,100.0,61.0,57.1,6.8,6.54,1,Low
S1489,88.2,65.5,98.9,12.2,3.62,0,Low
S1490,74.9,68.8,71.7,14.0,6.48,0,Low
S1491,97.2,28.2,100.0,13.8,5.47,0,Medium
S1492,76.2,60.6,71.5,15.9,5.76,0,Low
S1493,62.1,52.7,82.8,13.5,8.67,0,Medium
S1494,97.8,47.0,100.0,11.8,4.62,1,Low
S1495,83.1,59.9,100.0,15.4,7.72,0,Low
S1496,59.4,97.4,100.0,9.9,6.08,1,Low
S1497,72.1,76.5,98.1,5.6,6.08,0,Medium
S1498,61.9,54.7,95.4,9.2,7.69,0,Low
S1499,54.3,75.3,88.9,6.3,7.01,0,Medium
